-- VibeFund 시드 데이터 (관리자 계정 + 샘플 데이터)
-- 실행: Supabase 대시보드 → SQL Editor → 이 파일 내용 붙여넣기 후 Run
--
-- ■ 로그인 계정 (시드 실행 후 사용)
-- ┌─────────────────────────────┬──────────────┬─────────────┐
-- │ 이메일                      │ 비밀번호     │ 역할        │
-- ├─────────────────────────────┼──────────────┼─────────────┤
-- │ admin@vibefund.local        │ Admin123!    │ 관리자      │
-- │ sample1@vibefund.local      │ Sample123!   │ 일반        │
-- │ sample2@vibefund.local      │ Sample123!   │ 일반        │
-- └─────────────────────────────┴──────────────┴─────────────┘
-- 관리자로 로그인하면 헤더에 "관리자" 메뉴가 보이며 /admin 대시보드 접근 가능.

-- ── 1. 관리자 및 샘플 유저 (고정 UUID 사용) ───────────────────────
-- 비밀번호: bcrypt 12 rounds (pgcrypto)
-- 관리자: admin@vibefund.local / Admin123!
-- 샘플 유저: sample1@vibefund.local, sample2@vibefund.local / Sample123!

INSERT INTO users (id, email, password_hash, name, role, provider)
VALUES
  (
    'a0000001-0001-4000-8000-000000000001',
    'admin@vibefund.local',
    crypt('Admin123!', gen_salt('bf', 12)),
    '관리자',
    'admin',
    'email'
  ),
  (
    'a0000002-0002-4000-8000-000000000002',
    'sample1@vibefund.local',
    crypt('Sample123!', gen_salt('bf', 12)),
    '샘플유저1',
    'user',
    'email'
  ),
  (
    'a0000003-0003-4000-8000-000000000003',
    'sample2@vibefund.local',
    crypt('Sample123!', gen_salt('bf', 12)),
    '샘플유저2',
    'user',
    'email'
  )
ON CONFLICT (email) DO NOTHING;

-- ── 2. 샘플 프로젝트 (샘플유저1 소유, 승인됨) ─────────────────────
INSERT INTO projects (id, user_id, title, short_description, description, service_url, category, status, approval_status)
VALUES
  (
    'b0000001-0001-4000-8000-000000000001',
    'a0000002-0002-4000-8000-000000000002',
    '노코드로 만든 일정 공유 서비스',
    '팀 일정을 한눈에 보는 웹앱',
    'Webflow로 프로토타입을 만들었습니다. 실제 팀원 5명이 테스트했고 반응이 좋아 펀딩을 진행합니다.',
    'https://example.com/demo1',
    'productivity',
    'Beta',
    'approved'
  ),
  (
    'b0000002-0002-4000-8000-000000000002',
    'a0000002-0002-4000-8000-000000000002',
    '소규모 창업용 인보이스 툴',
    '간단한 견적·청구서 발행',
    'Bubble으로 MVP를 구축했습니다. 프리랜서·소호 대상입니다.',
    'https://example.com/demo2',
    'business',
    'Prototype',
    'approved'
  ),
  (
    'b0000003-0003-4000-8000-000000000003',
    'a0000003-0003-4000-8000-000000000003',
    '개인 블로그 템플릿 키트',
    'Notion 스타일 미니멀 블로그',
    'Framer 템플릿으로 10종 구성. 구매 시 소스 제공.',
    'https://example.com/demo3',
    'template',
    'Live',
    'approved'
  )
ON CONFLICT (id) DO NOTHING;

-- ── 3. 펀딩 (프로젝트당 1개) ─────────────────────────────────────
INSERT INTO fundings (project_id, goal_amount, deadline, min_pledge_amount)
VALUES
  ('b0000001-0001-4000-8000-000000000001', 5000000, current_date + 30, 10000),
  ('b0000002-0002-4000-8000-000000000002', 3000000, current_date + 45, 5000),
  ('b0000003-0003-4000-8000-000000000003', 1000000, current_date + 14, 1000)
ON CONFLICT (project_id) DO NOTHING;

-- ── 4. 리워드 (프로젝트 1, 2에만) ───────────────────────────────
INSERT INTO rewards (id, project_id, name, description, amount, type)
VALUES
  ('c0000001-0001-4000-8000-000000000001', 'b0000001-0001-4000-8000-000000000001', '얼리버드', '출시 후 1년 무료 사용', 10000, 'lifetime'),
  ('c0000002-0002-4000-8000-000000000002', 'b0000001-0001-4000-8000-000000000001', '서포터', '감사 메시지 + 로고 노출', 5000, 'beta'),
  ('c0000003-0003-4000-8000-000000000003', 'b0000002-0002-4000-8000-000000000002', '프리미엄 라이선스', '소스 코드 포함 평생 사용', 50000, 'lifetime')
ON CONFLICT (id) DO NOTHING;

-- ── 5. 후원(pledge) — 진행률 표시용 샘플 ─────────────────────────
INSERT INTO pledges (id, project_id, user_id, amount, status)
VALUES
  ('d0000001-0001-4000-8000-000000000001', 'b0000001-0001-4000-8000-000000000001', 'a0000003-0003-4000-8000-000000000003', 10000, 'completed'),
  ('d0000002-0002-4000-8000-000000000002', 'b0000001-0001-4000-8000-000000000001', 'a0000001-0001-4000-8000-000000000001', 5000, 'completed'),
  ('d0000003-0003-4000-8000-000000000003', 'b0000002-0002-4000-8000-000000000002', 'a0000003-0003-4000-8000-000000000003', 5000, 'completed')
ON CONFLICT (id) DO NOTHING;

-- ── 6. 댓글 ─────────────────────────────────────────────────────
INSERT INTO comments (id, project_id, user_id, body)
VALUES
  ('e0000001-0001-4000-8000-000000000001', 'b0000001-0001-4000-8000-000000000001', 'a0000003-0003-4000-8000-000000000003', '정말 유용해 보여요! 얼리버드로 참여했습니다.'),
  ('e0000002-0002-4000-8000-000000000002', 'b0000001-0001-4000-8000-000000000001', 'a0000001-0001-4000-8000-000000000001', '팀에서 써보고 싶습니다. 출시 일정은 어떻게 되나요?'),
  ('e0000003-0003-4000-8000-000000000003', 'b0000002-0002-4000-8000-000000000002', 'a0000003-0003-4000-8000-000000000003', '프리랜서인데 쓰기 좋을 것 같아요.')
ON CONFLICT (id) DO NOTHING;

-- ── 7. 업데이트(공지) ───────────────────────────────────────────
INSERT INTO updates (id, project_id, user_id, title, body)
VALUES
  ('f0000001-0001-4000-8000-000000000001', 'b0000001-0001-4000-8000-000000000001', 'a0000002-0002-4000-8000-000000000002', '첫 업데이트', '많은 관심 감사합니다. 다음 주에 베타 테스트 링크를 공유할 예정입니다.')
ON CONFLICT (id) DO NOTHING;
